DROP DATABASE javatraining;
CREATE DATABASE javatraining CHARACTER SET UTF8;
USE javatraining;

CREATE TABLE SHOPS(
   ID INT(10) AUTO_INCREMENT NOT NULL, 
    NAME VARCHAR(30) NOT NULL,
    SMALL_AREA_CODE VARCHAR(30) ,
    API_ID VARCHAR(30) ,
    PHOTO VARCHAR(300),
    LAT DOUBLE,
    LNG DOUBLE,
    PRIMARY KEY (ID)
    );

CREATE TABLE USERS(
    ID INT(10) AUTO_INCREMENT NOT NULL, 
    NAME VARCHAR(30) NOT NULL,
    PASSWORD VARCHAR(30) NOT NULL,
    PRIMARY KEY (ID)
    );
    
CREATE TABLE COMMUNITIES(
	ID INT(10) AUTO_INCREMENT NOT NULL, 
    NAME VARCHAR(30) NOT NULL,
    PASSWORD VARCHAR(30) NOT NULL,
    PRIMARY KEY (ID)
    );
    
CREATE TABLE COMMUNITIES_USERS(
	ID INT(10) AUTO_INCREMENT NOT NULL, 
    USER_ID INT(10) NOT NULL,
    COMMUNITY_ID INT(10) NOT NULL,
    PRIMARY KEY (ID),
    FOREIGN KEY (COMMUNITY_ID) REFERENCES COMMUNITIES (ID),
    FOREIGN KEY (USER_ID) REFERENCES USERS (ID)
    );
    
CREATE TABLE REVIEWS(
	ID INT(10) AUTO_INCREMENT NOT NULL,
	TITLE VARCHAR(30),
	REVIEW VARCHAR(300),
	USER_ID INT(10) NOT NULL,
	SHOP_ID INT(10) NOT NULL,
	PRIMARY KEY(ID),
	FOREIGN KEY(USER_ID) REFERENCES USERS(ID),
	FOREIGN KEY(SHOP_ID) REFERENCES SHOPS(ID)
	);
	
CREATE TABLE TEAMS(
	ID INT(10) AUTO_INCREMENT NOT NULL,
	NAME VARCHAR(30) NOT NULL,
	COMMUNITY_ID INT(10) NOT NULL,
	PRIMARY KEY (ID),
    FOREIGN KEY (COMMUNITY_ID) REFERENCES COMMUNITIES (ID)
	);

CREATE TABLE TEAMS_USERS(
	ID INT(10) AUTO_INCREMENT NOT NULL,
	TEAM_ID INT(10) NOT NULL,
    USER_ID INT(10) NOT NULL,
	PRIMARY KEY (ID),
    FOREIGN KEY (TEAM_ID) REFERENCES TEAMS (ID),
	FOREIGN KEY(USER_ID) REFERENCES USERS(ID)
	);

CREATE TABLE EVENTS(
	ID INT(10) AUTO_INCREMENT NOT NULL,
	TEAM_ID INT(10) NOT NULL,
	SHOP_ID INT(10) NOT NULL,
	PRIMARY KEY (ID),
    FOREIGN KEY (TEAM_ID) REFERENCES TEAMS (ID),
    FOREIGN KEY (SHOP_ID) REFERENCES SHOPS (ID)
	);

INSERT INTO USERS VALUE(1,"Machida","muit123");
INSERT INTO USERS VALUE(2,"Suzuki","suzuki");
INSERT INTO USERS VALUE(3,"Ozaki","ozaki");

INSERT INTO SHOPS VALUE(1,"Maison de MURA メゾン ド ムラ中野店","X175","J001192710", "https://imgfp.hotp.jp/IMGH/87/06/P036008706/P036008706_238.jpg",35.7074540574, 139.6653579201);
INSERT INTO SHOPS VALUE(2,"炭治郎 新宿本店","X150","J003324766","https://imgfp.hotp.jp/IMGH/87/06/P036008706/P036008706_238.jpg", 35.6942156753, 139.7012984509);
INSERT INTO SHOPS VALUE(3,"炭治郎 テスト支店","X150","J003324766","https://imgfp.hotp.jp/IMGH/87/06/P036008706/P036008706_238.jpg", 35.6942156753, 139.7012984509);

INSERT INTO COMMUNITIES VALUE(1,"りんご","apple");
INSERT INTO COMMUNITIES VALUE(2,"ばなな","banana");
INSERT INTO COMMUNITIES VALUE(3,"れもん","lemon");

INSERT INTO COMMUNITIES_USERS VALUE(1,1,1);
INSERT INTO COMMUNITIES_USERS VALUE(2,1,2);
INSERT INTO COMMUNITIES_USERS VALUE(3,2,3);
INSERT INTO COMMUNITIES_USERS VALUE(4,3,1);
INSERT INTO COMMUNITIES_USERS VALUE(5,3,1);

INSERT INTO REVIEWS VALUE(1, "Machidaさんのレビュー", "がい屋最高。", 1, 1);
INSERT INTO REVIEWS VALUE(2, "Machidaさんのレビュー", "たけ屋最高。", 1, 2);
INSERT INTO REVIEWS VALUE(3, "Machidaさんのレビュー", "Maison de MURA最高", 1, 3);
INSERT INTO REVIEWS VALUE(4, "Suzukiさんのレビュー", "がい屋まあまあ。", 2, 1);
INSERT INTO REVIEWS VALUE(5, "Suzukiさんのレビュー", "たけ屋良き", 2, 2);
INSERT INTO REVIEWS VALUE(6, "Suzukiさんのレビュー", "Maison de MURA良き", 2, 3);
INSERT INTO REVIEWS VALUE(7, "Ozakiさんのレビュー", "がい屋もう行かない", 3, 1);
INSERT INTO REVIEWS VALUE(8, "Ozakiさんのレビュー", "たけ屋微妙", 3, 2);
INSERT INTO REVIEWS VALUE(9, "Ozakiさんのレビュー", "Maison de MURAまた行く", 3, 3);

INSERT INTO TEAMS VALUE(1,"取引先課第二課",1);
INSERT INTO TEAMS VALUE(2,"システム部同期Gr",1);

INSERT INTO TEAMS_USERS VALUE(1,1,1);
INSERT INTO TEAMS_USERS VALUE(2,1,2);
INSERT INTO TEAMS_USERS VALUE(3,1,3);

INSERT INTO EVENTS VALUE(1,1,1);
INSERT INTO EVENTS VALUE(2,1,2);