DROP DATABASE javatraining;
CREATE DATABASE javatraining CHARACTER SET UTF8;
USE javatraining;

CREATE TABLE SHOPS(
   ID INT(10) AUTO_INCREMENT NOT NULL, 
    NAME VARCHAR(30) NOT NULL,
    SMALL_AREA_CODE VARCHAR(30) ,
    API_ID VARCHAR(30) ,
    LAT DOUBLE,
    LNG DOUBLE,
    PRIMARY KEY (ID)
    );

CREATE TABLE USERS(
    ID INT(10) AUTO_INCREMENT NOT NULL, 
    NAME VARCHAR(30) NOT NULL,
    PASSWORD VARCHAR(30) NOT NULL,
    PRIMARY KEY (ID)
    );
    
CREATE TABLE COMMUNITIES(
	ID INT(10) AUTO_INCREMENT NOT NULL, 
    NAME VARCHAR(30) NOT NULL,
    PASSWORD VARCHAR(30) NOT NULL,
    PRIMARY KEY (ID)
    );
    
CREATE TABLE COMMUNITIES_USERS(
	ID INT(10) AUTO_INCREMENT NOT NULL, 
    USER_ID INT(10) NOT NULL,
    COMMUNITY_ID INT(10) NOT NULL,
    PRIMARY KEY (ID),
    FOREIGN KEY (COMMUNITY_ID) REFERENCES COMMUNITIES (ID),
    FOREIGN KEY (USER_ID) REFERENCES USERS (ID)
    );
    
CREATE TABLE REVIEWS(
	ID INT(10) AUTO_INCREMENT NOT NULL,
	TITLE VARCHAR(30),
	COMMENT VARCHAR(300),
	USER_ID INT(10) NOT NULL,
	SHOP_ID INT(10) NOT NULL,
	PRIMARY KEY(ID),
	FOREIGN KEY(USER_ID) REFERENCES USERS(ID),
	FOREIGN KEY(SHOP_ID) REFERENCES SHOPS(ID)
	);


INSERT INTO USERS VALUE(1,"Machida","muit123");
INSERT INTO USERS VALUE(2,"Suzuki","suzuki");
INSERT INTO USERS VALUE(3,"Ozaki","ozaki");

INSERT INTO SHOPS VALUE(1,"Maison de MURA メゾン ド ムラ中野店","X175","J001192710", 35.7074540574, 139.6653579201);

INSERT INTO COMMUNITIES VALUE(1,"りんご","apple");
INSERT INTO COMMUNITIES VALUE(2,"ばなな","banana");
INSERT INTO COMMUNITIES VALUE(3,"れもん","lemon");

INSERT INTO COMMUNITIES_USERS VALUE(1,1,1);
INSERT INTO COMMUNITIES_USERS VALUE(2,1,2);
INSERT INTO COMMUNITIES_USERS VALUE(3,2,3);
INSERT INTO COMMUNITIES_USERS VALUE(4,3,1);

INSERT INTO REVIEWS VALUE(1, "初来店", "また行きたい。", 1, 1);
INSERT INTO REVIEWS VALUE(2, "2度目の来店", "2番最高。", 1, 2);
INSERT INTO REVIEWS VALUE(3, "3度目の来店", "3番最高", 1, 3);
INSERT INTO REVIEWS VALUE(4, "初来店", "まあまあ。", 2, 1);
INSERT INTO REVIEWS VALUE(5, "2度目の来店", "2番良き", 2, 2);
INSERT INTO REVIEWS VALUE(6, "3度目の来店", "3番良き", 2, 3);
INSERT INTO REVIEWS VALUE(7, "初来点", "もう行かない", 3, 1);
INSERT INTO REVIEWS VALUE(8, "2度目の来店", "2番微妙", 3, 2);
INSERT INTO REVIEWS VALUE(9, "3度目の来店", "3番また行く", 3, 3);
